time,weather_code (wmo code),temperature_2m_mean (°C),sunshine_duration (s),temperature_2m_max (°C),temperature_2m_min (°C),rain_sum (mm),precipitation_hours (h),wind_speed_10m_max (km/h),wind_direction_10m_dominant (°),shortwave_radiation_sum (MJ/m²)
2025-01-01,63,24.7,30926.09,28.0,22.3,23.50,11.0,19.4,244,14.82
2025-01-02,51,26.1,39330.75,31.0,21.0,0.20,2.0,11.8,254,22.96
2025-01-03,63,26.3,41449.63,31.0,22.0,9.20,6.0,13.5,251,23.00
2025-01-04,65,26.0,32155.31,30.2,22.2,15.20,5.0,10.8,204,18.55
2025-01-05,55,26.2,29279.93,29.5,23.6,2.00,4.0,12.8,202,16.20
2025-01-06,65,26.0,37833.43,31.2,22.3,13.50,6.0,8.1,207,21.41
2025-01-07,65,25.7,35002.57,30.0,22.9,15.00,6.0,9.9,248,20.53
2025-01-08,53,25.4,31130.35,28.7,22.5,2.60,12.0,9.7,300,16.46
2025-01-09,63,24.4,0.00,26.2,23.1,26.10,21.0,8.7,156,7.17
2025-01-10,63,25.9,38392.39,30.9,22.5,11.50,8.0,10.7,201,21.31
2025-01-11,63,25.6,33221.23,30.4,22.1,8.70,7.0,10.0,232,18.92
2025-01-12,55,25.6,15291.81,29.0,22.8,3.20,6.0,10.1,196,11.71
2025-01-13,65,25.8,31355.10,29.6,22.4,20.10,9.0,11.6,213,17.06
2025-01-14,65,24.7,15065.99,27.7,22.8,22.60,13.0,9.6,227,12.06
2025-01-15,63,25.8,25792.08,30.3,22.6,9.00,8.0,12.7,186,17.06
2025-01-16,65,25.3,21917.88,28.0,22.5,11.30,8.0,9.9,210,14.49
2025-01-17,51,25.9,29662.37,29.4,22.7,1.20,9.0,13.0,280,17.76
2025-01-18,63,25.4,13007.95,28.1,23.1,15.90,15.0,10.0,264,12.64
2025-01-19,63,25.8,32842.73,29.4,22.4,10.60,8.0,17.4,286,18.74
2025-01-20,63,24.4,2876.86,27.1,22.6,23.00,23.0,14.6,147,9.80
2025-01-21,61,24.6,19878.67,27.6,22.6,10.40,17.0,9.1,172,13.44
2025-01-22,51,25.4,22651.40,28.5,22.9,1.10,6.0,11.5,265,13.83
2025-01-23,53,25.1,30852.71,28.9,22.4,3.80,15.0,8.3,210,15.98
2025-01-24,65,25.2,19143.73,29.9,23.1,19.30,18.0,10.4,220,14.75
2025-01-25,63,25.4,32964.66,29.8,22.1,8.30,7.0,8.7,212,17.67
2025-01-26,63,25.8,26689.25,30.5,22.0,9.10,7.0,11.4,222,17.91
2025-01-27,63,26.1,31017.02,30.0,22.8,5.30,5.0,10.6,218,17.74
2025-01-28,63,24.1,17040.68,26.4,21.9,27.80,15.0,11.8,281,12.19
2025-01-29,63,24.1,10997.95,27.5,23.0,31.80,22.0,14.6,223,10.38
2025-01-30,55,24.3,24806.73,27.8,22.1,6.00,18.0,11.5,182,13.02
2025-01-31,51,25.2,32943.86,28.9,22.5,4.50,23.0,11.6,189,18.17
2025-02-01,53,24.9,19659.71,29.1,22.0,5.30,16.0,9.8,156,15.71
2025-02-02,55,25.7,29204.27,30.0,23.0,4.80,17.0,9.8,118,17.16
2025-02-03,55,26.0,38899.12,29.9,23.0,2.70,11.0,9.5,199,20.19
2025-02-04,61,25.8,32544.74,29.0,22.5,6.80,8.0,14.8,278,17.61
2025-02-05,61,25.9,39102.23,29.4,23.7,7.30,19.0,17.7,269,19.20
2025-02-06,65,24.6,21281.98,27.9,22.5,50.00,22.0,10.4,198,12.41
2025-02-07,63,25.0,24412.11,29.2,22.5,6.30,16.0,10.6,182,16.06
2025-02-08,63,24.7,28993.88,28.2,21.8,12.80,11.0,10.3,230,15.55
2025-02-09,63,25.0,32100.81,28.4,21.6,10.30,14.0,8.0,300,15.39
2025-02-10,55,25.0,28728.99,29.7,22.0,3.10,13.0,8.6,233,15.79
2025-02-11,51,25.9,34354.77,30.0,22.3,1.40,9.0,9.2,293,20.64
2025-02-12,3,27.0,41065.94,32.1,22.2,0.00,0.0,17.7,194,23.90
2025-02-13,51,26.9,30387.38,31.6,22.9,0.30,2.0,17.5,189,19.67
2025-02-14,61,26.0,30055.37,31.4,22.5,3.70,4.0,11.6,218,18.22
2025-02-15,63,25.4,24515.81,29.9,23.2,10.50,7.0,9.4,261,16.91
2025-02-16,63,25.6,39289.55,30.1,22.0,10.40,8.0,13.1,278,20.53
2025-02-17,61,25.3,22755.89,28.4,23.1,6.10,13.0,7.2,224,13.99
2025-02-18,63,25.1,35973.74,29.8,22.1,10.60,9.0,11.4,231,19.97
2025-02-19,63,24.1,11431.40,28.6,21.6,16.30,14.0,14.8,206,13.43
2025-02-20,61,25.5,36586.66,30.8,22.4,4.10,7.0,11.0,204,22.40
2025-02-21,63,25.9,33729.37,29.5,22.5,6.60,7.0,13.8,233,20.20
2025-02-22,63,25.3,24840.13,28.6,22.9,5.50,10.0,9.0,294,15.52
2025-02-23,65,24.5,20078.64,29.0,21.8,32.20,21.0,10.2,218,12.99
2025-02-24,65,24.8,23429.26,29.8,22.1,34.70,21.0,7.1,190,18.35
2025-02-25,63,25.4,23193.84,30.0,23.2,21.00,20.0,9.8,329,16.80
2025-02-26,65,25.0,19570.47,28.4,23.2,22.80,18.0,10.1,258,14.34
2025-02-27,65,24.9,31872.80,30.1,21.4,16.90,8.0,7.7,200,18.79
2025-02-28,63,25.8,34456.52,30.0,22.8,8.50,10.0,12.3,216,20.19
2025-03-01,63,25.6,33857.75,30.6,22.2,6.20,6.0,7.9,118,20.97
2025-03-02,63,25.5,33735.19,30.4,22.4,9.50,8.0,8.4,148,18.59
2025-03-03,63,25.7,22605.12,28.9,23.5,15.40,15.0,6.5,185,14.60
2025-03-04,63,24.8,17369.14,26.9,22.9,17.70,15.0,8.0,64,12.15
2025-03-05,63,26.0,40372.49,31.2,23.1,6.50,6.0,13.8,75,22.85
2025-03-06,65,25.8,30567.13,30.7,22.5,29.40,10.0,11.0,212,20.21
2025-03-07,61,26.6,29510.11,31.6,23.4,6.30,9.0,17.7,189,17.69
2025-03-08,61,25.6,22988.31,30.8,23.1,4.70,10.0,10.0,105,16.89
2025-03-09,65,24.8,17597.70,28.1,23.0,16.50,16.0,14.1,96,12.65
2025-03-10,63,25.3,34504.02,29.1,22.8,6.20,9.0,12.0,137,18.38
2025-03-11,63,25.9,37555.08,30.7,22.6,9.30,8.0,13.8,159,20.74
2025-03-12,63,26.1,33444.52,30.4,22.7,16.20,16.0,8.6,200,19.10
2025-03-13,51,26.6,40017.05,31.6,23.5,0.90,4.0,11.9,209,21.20
2025-03-14,53,26.2,35939.97,30.6,22.6,1.80,8.0,11.1,213,21.10
2025-03-15,65,24.9,18126.75,28.8,22.9,35.30,14.0,15.0,227,11.76
2025-03-16,65,25.5,19174.55,30.2,22.3,17.50,9.0,9.6,199,14.14
2025-03-17,65,24.9,24217.25,30.0,23.0,40.30,15.0,15.5,19,15.19
2025-03-18,63,25.3,28970.56,29.0,22.4,12.10,15.0,9.1,191,15.89
2025-03-19,55,26.4,35966.04,30.8,22.0,3.20,8.0,16.7,283,19.85
2025-03-20,53,26.3,40264.29,29.9,23.0,1.30,7.0,16.9,288,18.62
2025-03-21,63,26.1,42436.46,30.2,22.5,7.20,13.0,11.2,197,22.78
2025-03-22,63,25.4,23404.55,29.4,22.2,7.30,7.0,13.1,219,13.95
2025-03-23,63,25.8,33363.90,30.0,22.0,4.70,6.0,12.4,250,18.60
2025-03-24,63,25.4,39536.52,29.1,22.0,6.30,10.0,11.3,251,17.55
2025-03-25,61,26.0,32738.31,29.9,22.5,3.20,8.0,10.2,239,18.62
2025-03-26,63,25.7,30240.42,29.5,22.5,13.80,9.0,14.3,207,17.17
2025-03-27,63,26.0,38781.84,30.5,23.2,9.20,8.0,9.4,181,18.68
2025-03-28,63,25.7,20037.80,28.8,23.1,7.90,8.0,17.6,251,14.17
2025-03-29,51,26.4,38500.09,30.7,23.4,0.90,6.0,11.0,197,18.00
2025-03-30,53,26.7,41152.40,31.1,22.8,0.80,2.0,11.3,208,21.22
2025-03-31,61,26.1,42900.47,30.9,23.2,2.80,7.0,8.6,222,22.42
2025-04-01,63,25.0,30775.76,28.4,22.5,8.70,9.0,12.2,192,16.78
2025-04-02,65,25.3,29537.65,29.0,22.6,32.80,16.0,9.6,216,18.12
2025-04-03,63,25.2,31916.92,30.1,22.8,7.90,13.0,11.6,230,16.89
2025-04-04,65,25.2,25200.00,29.3,22.3,10.30,10.0,7.6,265,16.20
2025-04-05,61,25.2,31516.81,30.5,21.6,3.40,7.0,12.6,149,19.33
2025-04-06,61,25.0,28916.14,29.6,21.5,3.60,10.0,7.7,130,17.65
2025-04-07,51,25.7,42701.91,30.4,21.3,1.20,7.0,8.4,64,22.06
2025-04-08,63,25.5,42674.13,30.6,21.0,3.80,4.0,12.3,141,22.08
2025-04-09,63,25.8,35461.55,30.4,22.0,4.80,6.0,10.4,130,19.88
2025-04-10,65,25.9,28800.00,31.0,22.8,15.70,12.0,6.4,128,18.46
2025-04-11,63,25.5,25472.59,30.0,22.5,17.50,11.0,9.4,128,14.48
2025-04-12,63,25.5,34088.62,29.7,23.2,20.70,17.0,5.0,89,17.63
2025-04-13,65,25.0,23412.93,29.2,22.9,18.50,14.0,11.2,180,15.22
2025-04-14,63,26.0,27366.00,30.6,22.9,5.60,4.0,8.4,197,15.45
2025-04-15,65,25.1,21600.00,29.1,22.9,23.70,15.0,7.7,187,13.13
2025-04-16,53,25.9,38918.61,30.5,22.0,1.50,8.0,8.8,82,18.64
2025-04-17,51,25.7,27363.12,28.6,22.9,0.40,4.0,6.4,32,15.11
2025-04-18,61,26.0,27214.94,30.4,22.4,3.30,8.0,8.9,205,16.30
2025-04-19,63,25.9,34823.00,30.5,22.9,13.80,6.0,10.5,191,16.99
2025-04-20,63,26.1,35780.51,29.9,22.0,6.00,7.0,9.9,208,18.17
2025-04-21,53,25.1,17971.00,27.6,22.6,1.90,5.0,6.5,200,11.45
2025-04-22,51,26.7,31006.84,31.2,22.6,0.20,1.0,11.9,198,18.00
2025-04-23,63,26.4,33636.71,30.9,23.0,6.70,4.0,9.4,197,18.65
2025-04-24,63,26.2,35139.19,30.4,22.9,8.80,6.0,7.8,198,18.06
2025-04-25,55,25.9,29821.81,31.4,22.2,2.90,8.0,8.8,168,18.19
2025-04-26,61,25.7,37352.50,29.4,22.3,4.60,10.0,8.2,149,16.64
2025-04-27,61,25.7,41389.18,30.8,22.0,2.90,8.0,8.8,176,20.30
2025-04-28,51,26.6,40684.69,30.9,22.2,0.20,2.0,8.0,125,21.99
2025-04-29,51,25.9,41895.48,30.4,22.2,1.30,7.0,6.8,145,19.88
2025-04-30,51,26.5,42149.29,31.4,22.3,0.30,3.0,9.6,112,22.03
2025-05-01,61,26.5,41922.75,31.8,21.4,2.50,5.0,9.6,130,20.62
2025-05-02,51,27.2,40972.98,32.9,22.2,0.10,1.0,10.5,241,20.94
2025-05-03,53,27.3,39600.00,33.8,23.0,0.80,3.0,6.5,150,21.03
2025-05-04,61,25.8,26050.38,29.5,22.7,6.10,11.0,7.4,144,14.66
2025-05-05,53,27.4,40764.36,33.2,23.4,0.70,2.0,10.1,72,21.53
2025-05-06,51,27.7,41258.54,33.8,23.1,0.10,1.0,9.1,158,19.05
2025-05-07,55,26.2,29728.23,32.0,22.6,2.30,4.0,12.5,161,15.92
2025-05-08,63,26.2,39821.48,31.6,22.5,5.50,5.0,10.2,160,19.75
2025-05-09,51,27.2,37187.58,31.9,23.1,0.80,3.0,11.6,184,18.90
2025-05-10,61,26.4,32445.13,32.2,23.0,4.10,5.0,9.1,190,18.57
2025-05-11,51,26.8,38893.62,32.3,22.2,0.40,2.0,11.2,197,18.42
2025-05-12,61,26.7,31842.77,30.9,22.5,6.20,8.0,10.4,191,15.59
2025-05-13,63,26.6,33366.70,31.5,23.6,13.90,9.0,9.9,219,19.58
2025-05-14,63,26.3,33052.96,31.0,23.8,13.50,8.0,7.0,126,18.61
2025-05-15,65,26.2,33191.54,31.2,22.3,14.20,4.0,7.5,174,19.36
2025-05-16,63,25.8,30134.13,29.5,23.2,9.40,9.0,9.2,191,13.29
2025-05-17,61,25.8,29470.01,29.9,22.5,2.60,4.0,6.3,183,14.63
2025-05-18,51,26.4,40126.52,31.2,22.5,0.10,1.0,6.9,169,19.36
2025-05-19,55,26.1,39512.03,30.4,22.5,2.80,4.0,13.2,202,16.25
2025-05-20,51,26.7,40629.04,30.5,22.5,0.10,1.0,7.2,139,19.26
2025-05-21,65,25.1,18000.00,29.2,23.3,64.60,11.0,6.1,151,10.05
2025-05-22,63,24.9,12762.54,27.4,23.5,13.30,15.0,5.8,178,8.14
2025-05-23,61,24.9,12522.99,28.0,23.5,5.50,18.0,6.7,189,10.00
2025-05-24,63,25.4,24223.94,29.5,23.1,17.70,15.0,11.2,177,14.31
2025-05-25,63,25.4,15541.99,28.8,22.9,28.50,15.0,9.5,174,11.53
2025-05-26,63,24.8,12172.57,27.6,22.7,32.30,17.0,7.9,144,9.29
2025-05-27,3,26.3,41629.64,31.3,21.8,0.00,0.0,16.6,232,18.67
2025-05-28,51,26.8,41121.60,31.8,22.8,0.80,3.0,7.2,202,19.61
2025-05-29,63,25.9,39094.61,31.9,21.6,7.70,10.0,9.5,199,18.62
2025-05-30,3,26.5,40599.18,31.2,22.5,0.00,0.0,7.3,189,19.79
2025-05-31,65,26.1,40089.38,32.0,21.7,15.70,3.0,10.4,200,19.36
2025-06-01,3,25.6,14300.81,29.8,22.6,0.00,0.0,9.9,153,10.29
2025-06-02,3,26.2,32873.65,31.4,21.8,0.00,0.0,6.4,182,17.79
2025-06-03,51,25.5,34524.41,30.0,20.9,0.90,6.0,7.9,151,15.76
2025-06-04,63,26.3,39427.38,31.1,22.5,4.40,3.0,10.0,176,19.72
2025-06-05,51,26.7,40760.82,31.4,22.0,0.40,1.0,8.9,163,19.66
2025-06-06,63,25.9,33292.23,31.0,22.9,8.60,6.0,8.3,199,17.10
2025-06-07,53,26.3,36368.67,30.9,22.5,1.80,5.0,8.0,163,17.81
2025-06-08,53,26.6,41465.45,31.7,20.8,1.20,5.0,8.0,206,19.90
2025-06-09,61,25.9,38412.97,30.8,21.7,3.90,4.0,7.2,159,17.94
2025-06-10,63,25.7,35785.44,30.3,22.1,14.30,11.0,7.6,125,15.76
2025-06-11,51,25.9,37560.55,30.0,22.2,0.90,5.0,9.4,135,16.85
2025-06-12,51,26.4,40384.65,31.3,22.5,0.80,7.0,9.8,138,19.39
2025-06-13,51,26.8,41845.17,32.1,21.9,0.10,1.0,12.2,150,20.11
2025-06-14,51,26.5,35563.40,31.5,22.6,0.10,1.0,14.7,118,17.83
2025-06-15,55,26.3,38048.83,31.2,22.8,1.90,3.0,11.3,123,18.16
2025-06-16,51,26.8,41326.15,32.0,23.0,0.50,2.0,10.2,106,19.98
2025-06-17,63,26.0,36034.65,31.0,23.3,6.80,9.0,8.3,339,17.67
2025-06-18,65,24.7,30463.91,29.4,22.6,13.70,14.0,10.4,61,15.28
2025-06-19,51,24.7,22574.24,27.6,22.6,0.20,2.0,14.8,63,11.48
2025-06-20,63,25.2,35814.29,29.5,23.0,13.30,8.0,7.9,341,17.45
2025-06-21,63,24.8,28224.07,28.5,22.9,14.70,16.0,7.0,152,11.68
2025-06-22,53,25.6,31031.06,30.9,22.2,3.40,15.0,14.2,47,17.20
2025-06-23,61,25.4,38029.53,30.1,22.5,3.70,7.0,13.3,21,18.05
2025-06-24,61,25.2,40665.88,29.5,22.0,2.70,3.0,12.8,157,17.57
2025-06-25,51,25.4,41405.16,29.8,21.1,0.60,3.0,9.1,183,17.54
2025-06-26,51,26.2,41838.32,30.9,20.7,0.10,1.0,8.3,119,20.39
2025-06-27,51,26.7,39665.92,30.6,23.0,0.10,1.0,6.5,146,18.05
2025-06-28,63,24.4,23958.13,29.8,21.9,8.60,7.0,10.9,161,12.27
2025-06-29,53,24.3,17538.72,28.0,20.9,1.60,6.0,8.3,170,10.50
2025-06-30,63,24.7,32877.25,30.1,21.9,5.30,8.0,12.3,317,17.04
2025-07-01,63,24.9,38132.13,29.9,22.4,8.20,8.0,10.7,213,17.61
2025-07-02,53,25.6,38449.43,30.0,22.1,1.00,4.0,7.0,221,18.76
2025-07-03,53,25.2,35499.38,29.9,21.6,2.20,8.0,8.2,100,16.77
2025-07-04,63,25.8,41869.10,30.2,21.3,2.90,2.0,9.2,162,18.50
2025-07-05,61,24.9,30937.66,29.6,21.5,5.50,9.0,9.5,208,16.62
2025-07-06,61,25.0,29627.47,29.8,21.8,6.90,11.0,8.6,185,16.22
2025-07-07,63,24.7,29443.12,29.0,22.0,10.70,8.0,8.8,164,16.40
2025-07-08,51,25.4,34309.66,29.6,21.8,0.90,6.0,7.4,195,17.68
2025-07-09,63,25.1,41837.13,30.0,22.4,12.20,12.0,11.7,161,17.73
2025-07-10,51,25.6,41910.04,30.0,21.1,0.50,3.0,9.7,161,20.65
2025-07-11,55,25.2,38125.43,29.0,22.2,2.10,5.0,9.6,181,15.48
2025-07-12,3,25.9,41927.26,30.9,21.3,0.00,0.0,9.0,73,20.93
2025-07-13,53,25.9,40811.51,31.6,21.4,1.10,5.0,9.1,149,18.05
2025-07-14,51,25.8,28910.94,29.9,22.6,1.30,5.0,7.6,142,13.43
2025-07-15,61,26.9,41389.46,31.8,22.5,2.60,4.0,10.8,179,17.63
2025-07-16,61,27.1,41966.26,33.1,23.1,1.30,1.0,9.5,170,17.07
2025-07-17,53,26.4,41976.88,32.2,23.1,1.50,5.0,10.0,159,18.40
2025-07-18,51,27.0,41657.77,32.5,23.0,0.20,2.0,9.0,182,19.37
2025-07-19,51,27.1,41999.06,34.0,20.2,0.20,1.0,10.9,168,21.53
2025-07-20,3,27.6,42010.61,34.7,22.2,0.00,0.0,12.3,177,20.01
2025-07-21,51,27.8,39434.43,32.6,24.5,0.60,6.0,7.6,135,19.58
2025-07-22,3,26.6,42034.51,32.3,20.6,0.00,0.0,11.0,134,21.43
2025-07-23,3,27.2,42046.85,33.1,21.5,0.00,0.0,12.4,129,21.67
2025-07-24,51,27.5,40526.91,34.1,21.1,0.10,1.0,16.3,152,21.08
2025-07-25,51,27.7,40861.87,33.6,23.0,0.80,5.0,11.7,123,21.14
2025-07-26,3,28.2,41666.82,33.8,23.0,0.00,0.0,8.7,107,21.14
2025-07-27,51,27.2,41016.82,33.0,22.8,0.20,2.0,10.1,185,19.40
2025-07-28,53,26.6,42000.17,32.2,23.1,1.20,3.0,16.4,159,18.48
2025-07-29,51,26.9,41755.01,31.0,23.5,0.30,3.0,12.4,168,17.30
2025-07-30,53,27.0,39792.21,32.8,23.5,2.00,8.0,11.7,163,17.21
2025-07-31,51,27.7,42156.16,32.8,23.0,0.20,2.0,13.2,96,21.18
2025-08-01,2,27.7,42171.32,33.2,22.5,0.00,0.0,11.1,75,22.01
2025-08-02,51,27.4,42186.78,33.5,21.6,0.40,2.0,9.9,115,22.45
2025-08-03,53,26.5,41040.73,34.2,22.4,2.40,6.0,16.9,196,20.20
2025-08-04,55,25.4,32424.85,30.6,22.0,3.10,6.0,11.3,193,17.20
2025-08-05,51,25.9,37731.90,30.9,22.2,0.20,1.0,7.8,126,18.12
2025-08-06,51,26.4,41549.41,31.2,22.0,0.10,1.0,8.5,88,19.64
2025-08-07,53,26.6,42042.45,31.7,22.8,1.20,2.0,7.6,177,19.70
2025-08-08,55,26.4,42284.69,30.9,21.9,1.50,5.0,9.9,89,19.43
2025-08-09,53,26.2,36648.38,32.2,22.6,1.90,7.0,11.8,152,17.91
2025-08-10,63,26.7,41609.10,32.8,22.5,3.60,6.0,9.2,163,19.71
2025-08-11,63,25.6,30478.97,30.9,22.2,5.10,10.0,9.8,207,15.69
2025-08-12,63,24.7,24899.06,29.9,22.0,5.70,7.0,8.1,138,13.57
2025-08-13,65,24.5,36831.52,30.0,20.7,11.80,6.0,11.1,115,19.84
2025-08-14,61,24.6,21259.44,29.6,22.0,8.60,13.0,9.0,168,12.51
2025-08-15,51,25.5,42406.80,30.4,20.7,0.10,1.0,11.4,175,22.83
2025-08-16,51,25.7,42424.66,31.5,20.5,0.20,2.0,9.1,137,22.90
2025-08-17,51,26.4,42442.80,32.0,21.2,0.60,3.0,16.7,67,22.11
2025-08-18,63,25.6,40140.48,32.2,21.2,13.70,8.0,17.7,82,19.10
2025-08-19,61,24.3,18901.23,28.1,22.0,7.80,9.0,9.4,194,11.35
2025-08-20,63,25.5,30970.50,30.4,22.5,7.60,7.0,9.5,175,14.52
2025-08-21,61,25.2,31148.40,28.7,22.2,2.00,4.0,6.9,48,12.23
2025-08-22,63,25.4,42484.71,30.9,21.8,13.20,10.0,8.5,123,21.16
2025-08-23,53,25.6,41350.50,30.5,22.0,3.00,9.0,8.0,160,20.89
2025-08-24,61,25.9,42557.50,31.1,21.9,2.30,5.0,11.5,160,20.01
2025-08-25,63,24.9,39333.22,29.4,21.5,11.40,5.0,9.6,133,17.44
2025-08-26,2,25.6,42591.75,31.5,19.2,0.00,0.0,8.5,159,22.68
2025-08-27,51,26.1,40462.68,33.0,19.5,0.30,2.0,14.0,173,22.30
2025-08-28,55,26.0,39435.97,31.0,22.8,2.20,7.0,15.3,184,19.98
2025-08-29,51,25.8,40353.00,30.4,22.0,0.70,4.0,18.0,180,17.30
2025-08-30,63,26.1,36397.35,31.7,23.1,11.60,13.0,11.3,169,20.71
2025-08-31,55,25.5,39368.63,30.9,21.9,2.80,6.0,9.5,103,19.19
2025-09-01,51,26.8,42343.94,31.6,21.5,1.40,6.0,10.4,100,21.99
2025-09-02,3,27.4,42535.31,34.3,22.2,0.00,0.0,16.6,99,23.57
2025-09-03,3,27.3,42526.84,34.7,21.1,0.00,0.0,19.2,73,24.67
2025-09-04,51,27.6,42344.95,34.6,22.0,0.50,2.0,17.3,86,23.50
2025-09-05,53,26.7,41645.74,33.8,22.1,1.00,3.0,11.4,189,21.29
2025-09-06,53,26.3,42499.97,31.4,23.1,2.00,7.0,17.6,178,21.48
2025-09-07,51,26.3,42490.15,31.5,22.0,0.60,3.0,11.5,173,22.38
2025-09-08,51,26.9,42350.68,33.2,21.6,0.10,1.0,10.9,158,22.75
2025-09-09,65,25.9,32612.63,31.0,22.6,16.70,4.0,12.4,181,17.55
2025-09-10,65,26.0,36198.10,32.9,22.6,24.40,9.0,11.2,147,21.47
2025-09-11,63,24.9,17554.27,28.1,22.5,7.70,12.0,8.3,202,10.84
2025-09-12,53,25.7,38300.65,30.4,22.6,2.40,9.0,16.2,169,19.82
2025-09-13,3,26.3,42425.47,32.5,21.9,0.00,0.0,12.1,175,22.16
2025-09-14,63,26.7,39816.74,31.9,22.0,8.30,4.0,10.4,174,21.07
2025-09-15,53,27.3,39912.07,32.9,22.7,1.20,4.0,11.3,171,22.64
2025-09-16,61,26.5,33792.10,33.7,22.5,4.00,6.0,10.4,171,20.67
2025-09-17,63,25.1,25200.00,31.5,22.6,27.10,12.0,10.4,148,15.79
2025-09-18,53,25.1,17855.95,28.3,22.0,1.60,6.0,8.3,105,13.12
2025-09-19,53,25.6,35609.19,29.5,22.5,2.10,9.0,10.4,125,16.09
2025-09-20,53,25.5,33988.65,30.5,22.5,2.50,5.0,17.9,70,16.75
2025-09-21,3,26.3,42166.26,31.5,21.7,0.00,0.0,10.4,114,24.12
2025-09-22,53,26.6,41244.94,32.5,21.2,1.20,3.0,7.3,137,23.80
2025-09-23,53,26.5,40734.70,32.0,22.9,1.30,5.0,17.9,189,22.26
2025-09-24,51,27.1,41694.73,33.2,22.2,0.10,1.0,11.1,178,22.97
2025-09-25,61,26.2,39638.51,32.2,21.8,4.00,7.0,9.7,126,22.26
2025-09-26,61,27.2,41263.51,33.1,22.2,5.10,6.0,12.5,177,22.42
2025-09-27,63,26.6,34093.23,33.5,22.9,11.90,6.0,12.3,107,20.58
2025-09-28,55,26.6,38569.20,32.8,22.6,2.50,7.0,18.5,132,21.45
2025-09-29,63,25.6,32159.75,31.0,22.8,14.30,8.0,14.1,196,17.34
2025-09-30,63,26.0,35260.74,31.5,22.8,7.30,10.0,10.0,67,20.38
2025-10-01,61,25.6,32938.37,31.3,22.8,5.00,6.0,14.7,81,20.87
2025-10-02,63,24.5,11902.69,28.3,22.9,14.30,10.0,14.2,253,11.40
2025-10-03,63,26.6,38739.32,32.4,21.4,8.20,4.0,11.6,177,22.38
2025-10-04,51,27.4,37080.88,33.2,23.0,0.80,3.0,12.9,161,23.72
2025-10-05,61,26.1,36000.00,32.3,22.3,2.20,3.0,8.6,174,22.20
2025-10-06,51,27.0,36629.17,33.2,21.5,0.10,1.0,19.5,80,22.45
2025-10-07,65,25.0,38419.98,31.6,21.7,19.60,5.0,21.9,270,21.24
2025-10-08,53,26.6,40397.96,32.2,22.2,1.10,3.0,12.5,175,23.76
2025-10-09,53,26.8,41100.49,33.5,22.0,1.90,8.0,13.0,182,24.75
2025-10-10,51,27.0,39940.95,33.1,21.4,1.40,7.0,10.0,116,23.95
2025-10-11,51,27.9,37817.45,33.5,23.5,0.30,3.0,10.5,145,23.83
2025-10-12,51,28.2,41114.08,34.5,22.9,0.10,1.0,17.9,123,24.47
2025-10-13,63,27.4,39600.00,35.0,22.8,8.20,4.0,21.3,112,22.68
2025-10-14,53,27.8,41355.46,34.5,23.0,2.20,5.0,16.4,111,22.69
2025-10-15,53,27.7,40891.70,33.8,23.2,3.40,8.0,12.2,66,22.38
2025-10-16,51,28.7,37633.04,35.8,24.2,0.20,1.0,19.4,99,23.42
2025-10-17,63,27.0,39600.00,35.5,23.2,5.20,9.0,19.7,160,19.92
2025-10-18,53,27.2,39911.05,32.0,24.1,2.10,5.0,11.0,82,22.81
2025-10-19,55,27.7,36969.55,32.8,23.0,2.10,6.0,8.4,118,22.37
2025-10-20,53,27.8,40907.67,33.5,23.7,2.00,10.0,12.6,87,22.97
2025-10-21,53,27.8,37455.29,33.5,23.6,1.40,3.0,9.8,203,22.18
2025-10-22,61,27.0,28125.73,31.9,23.8,14.40,12.0,12.9,198,15.86
2025-10-23,61,26.2,18413.16,32.2,23.7,12.10,17.0,14.5,217,13.83
2025-10-24,65,25.3,17287.95,30.0,23.6,36.20,16.0,13.9,216,11.87
2025-10-25,3,26.7,20316.66,30.8,23.6,0.00,0.0,16.4,188,15.11
2025-10-26,65,25.5,23431.95,31.0,23.0,20.50,9.0,11.6,159,14.90
2025-10-27,53,26.0,30591.29,31.0,22.9,2.10,5.0,11.9,157,18.93
2025-10-28,63,25.2,7782.10,28.4,22.5,8.80,6.0,10.5,187,11.63
2025-10-29,61,26.0,30415.25,29.8,23.2,4.80,7.0,8.1,165,16.00
2025-10-30,63,26.2,32951.81,30.1,23.0,5.80,11.0,11.3,189,18.44
2025-10-31,51,26.4,35723.43,31.6,22.1,0.50,3.0,10.7,157,20.49
2025-11-01,63,26.5,32400.00,32.3,23.1,10.70,10.0,9.6,165,22.64
2025-11-02,63,26.1,39495.21,31.0,23.5,7.10,5.0,11.2,152,21.20
2025-11-03,63,26.0,29607.66,31.6,22.6,2.80,4.0,9.8,182,18.79
2025-11-04,63,26.6,39117.24,32.0,22.2,5.10,6.0,14.3,193,22.77
2025-11-05,51,26.1,15995.86,30.1,23.1,0.80,4.0,14.4,218,11.68
2025-11-06,65,26.2,25268.85,30.9,23.6,11.10,9.0,8.1,230,16.86
2025-11-07,61,26.7,35149.34,32.0,23.1,4.10,8.0,14.7,276,21.74
2025-11-08,63,25.5,16039.19,29.0,23.5,11.10,15.0,17.8,246,13.04
2025-11-09,53,26.4,24922.16,30.4,23.0,1.50,3.0,17.9,247,16.72
2025-11-10,63,26.0,22781.44,30.7,23.2,8.70,11.0,10.4,212,15.94
2025-11-11,63,24.8,10682.24,26.7,23.1,18.00,19.0,10.7,216,9.78
2025-11-12,63,25.1,16075.35,27.7,23.0,15.00,19.0,10.8,209,12.75
2025-11-13,63,24.6,16279.06,27.6,22.8,18.90,16.0,10.5,212,12.68
2025-11-14,63,24.7,17421.08,28.7,22.5,15.50,16.0,13.6,240,12.47
2025-11-15,63,26.1,42139.77,30.8,22.0,9.80,12.0,13.5,217,21.54
2025-11-16,63,26.1,36537.58,30.5,23.2,7.60,8.0,10.0,181,18.30
2025-11-17,61,26.2,36161.55,30.6,23.2,3.90,7.0,10.0,190,18.07
2025-11-18,65,24.7,14677.40,30.5,22.8,20.10,11.0,12.2,176,13.15
2025-11-19,63,25.5,28800.00,29.6,22.5,17.20,10.0,17.2,237,18.47
2025-11-20,63,24.6,12909.96,27.8,22.7,22.80,19.0,15.2,263,10.64
2025-11-21,63,26.2,29694.39,32.2,23.0,5.70,10.0,15.2,202,18.29
2025-11-22,61,25.6,38648.05,31.2,23.1,3.80,5.0,15.1,180,20.36
2025-11-23,65,25.4,16698.82,29.0,23.0,12.30,4.0,13.9,189,12.41
2025-11-24,3,26.6,37337.84,31.7,23.4,0.00,0.0,16.6,181,22.34
2025-11-25,3,26.6,42597.99,32.0,21.8,0.00,0.0,20.3,186,24.12
2025-11-26,51,26.5,42137.38,31.5,21.8,0.80,5.0,17.6,188,22.22
2025-11-27,3,27.1,39048.42,32.0,24.0,0.00,0.0,16.0,180,22.96
2025-11-28,51,27.4,36655.05,32.8,23.9,0.30,1.0,16.6,186,23.10
2025-11-29,61,27.0,38272.84,32.5,23.7,3.80,5.0,15.2,190,19.92
2025-11-30,55,26.4,37669.41,31.6,23.3,1.50,4.0,8.3,174,21.78
2025-12-01,61,26.2,33194.71,32.7,22.4,3.30,3.0,12.0,170,21.81
2025-12-02,65,26.0,29742.77,32.0,23.3,15.40,6.0,9.9,167,19.16
2025-12-03,63,25.8,30465.93,30.6,23.5,9.60,11.0,10.1,100,19.32
2025-12-04,65,24.6,6632.87,26.9,23.2,24.50,18.0,6.2,179,9.21
2025-12-05,63,25.4,28622.41,30.3,22.5,6.20,8.0,8.0,192,18.25
2025-12-06,51,25.4,38721.98,30.1,22.4,1.00,5.0,10.4,111,19.31
2025-12-07,63,26.3,43130.68,31.3,21.8,8.60,9.0,13.2,204,22.92
2025-12-08,65,25.8,29092.42,30.0,23.2,21.20,10.0,11.2,202,17.58
2025-12-09,51,26.2,21182.91,30.1,23.2,0.20,2.0,8.9,194,14.98
2025-12-10,55,25.6,41154.45,30.5,22.3,2.50,7.0,8.1,255,20.03
2025-12-11,63,25.4,22355.56,30.8,22.8,12.90,6.0,9.3,181,15.04
2025-12-12,51,27.3,42386.83,33.5,22.8,0.20,1.0,14.4,185,24.00
2025-12-13,53,26.7,35318.91,31.8,23.5,1.00,2.0,9.6,207,20.07
2025-12-14,51,26.0,23200.21,29.9,23.0,1.00,7.0,11.5,184,15.52
2025-12-15,51,26.8,41873.95,32.0,23.8,1.90,7.0,12.3,241,23.83
2025-12-16,65,26.1,36000.00,30.5,23.4,11.50,9.0,9.3,208,20.36
2025-12-17,65,25.9,28101.42,30.2,23.4,15.60,9.0,8.0,224,15.10
2025-12-18,63,25.2,17905.39,28.9,23.3,12.00,13.0,15.1,282,11.19
2025-12-19,63,25.0,28031.71,29.0,23.0,13.20,9.0,18.7,281,15.63
2025-12-20,63,25.3,26431.42,29.0,22.9,13.80,13.0,17.0,244,14.29
2025-12-21,63,25.5,37332.75,29.6,23.4,20.10,14.0,16.3,247,19.19
2025-12-22,55,25.7,35709.70,29.0,23.0,6.40,16.0,9.6,180,15.74
2025-12-23,53,26.4,38587.81,30.4,23.4,2.50,8.0,9.5,223,17.46
2025-12-24,63,26.1,22820.38,30.1,23.0,9.50,13.0,8.6,200,16.04
2025-12-25,63,26.9,36000.00,32.3,22.4,7.00,7.0,11.1,221,21.38
2025-12-26,63,26.2,25116.20,30.0,23.7,8.90,12.0,10.0,265,15.45
2025-12-27,63,26.3,24362.45,29.7,23.9,7.70,7.0,9.7,201,15.38
2025-12-28,63,26.0,34084.94,30.4,23.5,13.50,8.0,10.2,238,18.00
2025-12-29,65,25.8,29290.18,30.2,23.6,17.50,8.0,10.5,188,16.19
2025-12-30,65,25.4,22620.87,28.6,22.6,21.40,13.0,9.7,185,13.81
2025-12-31,65,24.0,2360.78,26.1,22.5,33.80,22.0,8.9,158,7.60
2026-01-01,65,24.9,24227.31,29.1,22.3,15.90,16.0,15.3,202,16.86
2026-01-02,65,24.8,25779.23,29.5,22.0,25.10,14.0,7.6,198,17.15
2026-01-03,63,23.8,2340.75,26.1,22.5,24.30,21.0,9.1,166,6.69
2026-01-04,63,24.8,35717.68,29.7,21.2,14.30,14.0,9.8,177,16.69
2026-01-05,51,26.4,36323.80,29.9,23.2,1.30,9.0,9.2,314,20.76
2026-01-06,63,26.4,39319.20,31.5,21.8,6.80,6.0,10.7,223,22.25
2026-01-07,53,26.2,26709.31,30.4,23.1,1.60,5.0,16.2,263,17.34
2026-01-08,53,25.3,33735.74,28.7,23.4,1.50,6.0,13.2,228,15.91
2026-01-09,63,25.4,43200.00,30.6,21.8,7.10,10.0,12.0,268,19.67
2026-01-10,61,24.3,20572.89,26.9,22.9,8.60,15.0,9.0,229,10.48
2026-01-11,61,23.7,12281.32,26.9,22.0,10.70,14.0,9.3,216,8.73
2026-01-12,63,23.3,11563.37,25.9,21.0,22.60,17.0,10.4,213,9.88
2026-01-13,61,24.2,17027.89,27.4,21.9,5.50,14.0,15.9,261,13.37
2026-01-14,55,24.0,15601.69,26.6,22.5,5.40,20.0,16.6,264,11.21
2026-01-15,55,24.6,18080.31,27.7,22.2,2.90,11.0,16.6,284,13.94
2026-01-16,63,24.6,39633.94,28.1,21.1,5.50,9.0,16.9,264,17.89
2026-01-17,63,24.1,16611.32,27.8,21.9,31.00,21.0,9.8,227,12.92
2026-01-18,63,24.2,11951.79,27.3,22.1,17.40,18.0,16.2,190,12.41
2026-01-19,55,25.1,29802.44,28.3,22.1,1.90,7.0,10.9,249,15.77
2026-01-20,63,24.6,20006.70,28.0,22.2,10.20,10.0,14.9,271,14.46
2026-01-21,53,24.3,11850.96,27.8,22.4,5.60,17.0,15.3,267,12.76
2026-01-22,63,23.2,1349.17,25.2,21.9,34.10,20.0,13.6,159,6.20
2026-01-23,65,23.4,5791.14,25.9,22.0,68.50,24.0,12.0,305,7.55
2026-01-24,65,24.2,32090.32,27.0,22.3,25.00,21.0,11.2,116,16.04
2026-01-25,53,25.2,35949.86,29.0,22.1,5.20,20.0,10.8,209,20.51
2026-01-26,53,25.4,36982.99,28.4,22.5,3.80,12.0,10.2,244,20.83
2026-01-27,63,25.0,29053.54,27.7,22.5,8.70,20.0,13.4,343,15.80
2026-01-28,65,23.9,0.00,26.0,22.5,50.70,24.0,10.3,237,7.77
2026-01-29,63,23.7,2632.67,26.5,22.2,34.80,23.0,12.8,106,8.79
2026-01-30,63,24.4,25503.16,28.7,22.0,4.60,9.0,10.3,208,16.02
2026-01-31,63,24.5,26809.24,28.0,21.4,8.00,14.0,11.4,245,15.32
2026-02-01,63,24.1,19539.23,27.9,21.8,16.40,14.0,12.2,259,14.59
2026-02-02,63,23.8,19080.28,26.9,21.9,16.10,18.0,10.3,217,11.71
2026-02-03,65,24.6,39135.09,29.1,21.5,17.10,12.0,8.9,217,17.74
2026-02-04,63,24.6,41231.73,27.8,21.0,10.20,8.0,13.7,270,19.04
2026-02-05,63,24.7,27080.04,28.2,21.8,6.60,10.0,17.6,244,14.95
2026-02-06,63,25.3,30193.47,29.5,22.5,5.00,8.0,16.7,259,16.51
2026-02-07,63,24.6,26782.33,28.1,22.6,9.90,9.0,11.1,247,15.24
2026-02-08,63,24.9,21264.10,28.4,22.0,19.30,12.0,11.3,278,15.54
2026-02-09,63,24.5,262.23,27.4,22.3,17.20,14.0,9.0,204,10.04
2026-02-10,61,24.3,24433.87,27.2,21.5,5.40,8.0,10.3,186,13.85
2026-02-11,65,25.0,32373.76,30.6,21.5,14.50,7.0,20.1,206,19.27
2026-02-12,63,24.7,25163.92,29.0,22.0,28.20,13.0,10.4,190,15.70
2026-02-13,55,24.5,17344.04,27.5,22.0,7.10,18.0,7.3,169,10.18
2026-02-14,65,25.4,27803.77,29.2,21.6,13.10,8.0,12.5,224,17.23
2026-02-15,63,25.0,32129.61,28.7,22.5,7.20,11.0,9.1,197,16.44
2026-02-16,63,24.8,3673.02,27.0,23.1,17.10,16.0,11.9,216,9.65
2026-02-17,61,25.6,16427.27,29.6,22.5,2.90,8.0,14.2,252,13.96
2026-02-18,61,24.8,11975.57,28.5,22.9,5.60,12.0,8.9,157,13.39
2026-02-19,65,23.7,0.00,26.2,22.3,51.30,22.0,9.4,163,6.12
2026-02-20,63,24.6,10800.00,28.4,22.2,19.70,15.0,13.0,223,11.80
2026-02-21,65,24.9,20484.93,28.7,22.5,17.90,15.0,9.4,179,14.21
2026-02-22,65,24.3,9081.75,28.0,22.8,46.10,23.0,9.7,180,9.63
2026-02-23,65,24.6,13270.95,28.1,22.6,28.30,17.0,8.8,185,15.22
2026-02-24,51,26.0,24781.09,30.8,22.6,1.20,6.0,14.4,239,19.04
2026-02-25,3,26.6,32306.13,31.5,22.6,0.00,0.0,13.2,180,20.61
2026-02-26,3,26.4,21257.36,30.6,23.1,0.00,0.0,13.4,211,15.46
2026-02-27,61,25.0,16595.31,28.9,22.8,9.40,15.0,15.5,247,12.19
2026-02-28,51,25.4,24062.12,29.5,23.0,0.70,5.0,18.5,245,17.97
2026-03-01,63,25.6,32298.12,30.1,22.3,6.00,7.0,11.9,208,19.18
2026-03-02,63,25.5,24348.75,28.6,22.6,9.00,12.0,15.0,260,16.30
2026-03-03,63,25.3,17844.35,29.3,22.6,28.40,20.0,16.3,240,12.90
2026-03-04,63,25.5,34514.16,29.4,22.4,11.10,11.0,18.2,259,18.18
2026-03-05,53,25.6,24286.87,29.3,23.4,2.00,10.0,15.9,248,15.22
2026-03-06,61,24.5,19331.96,28.5,22.3,4.20,16.0,19.1,272,13.21
2026-03-07,63,24.4,24684.55,29.1,21.5,19.50,13.0,17.1,272,14.40
2026-03-08,63,23.5,19620.66,28.1,22.0,33.10,18.0,13.5,161,14.86
2026-03-09,63,25.3,39430.81,30.1,21.8,8.40,7.0,14.0,206,19.16
2026-03-10,53,26.7,43119.58,31.9,22.1,1.70,4.0,10.6,209,24.87
2026-03-11,51,26.4,43124.58,31.9,22.7,0.80,7.0,8.2,208,24.01
2026-03-12,51,26.3,43129.95,31.6,21.4,0.40,4.0,8.0,207,25.51
2026-03-13,51,26.3,43135.64,31.9,21.4,0.80,4.0,11.5,174,25.64
2026-03-14,51,26.2,43141.59,31.7,21.0,0.20,1.0,9.4,199,24.74
2026-03-15,3,26.2,43147.76,32.1,20.4,0.00,0.0,17.8,256,26.58
2026-03-16,3,26.4,42725.15,31.5,21.6,0.00,0.0,12.2,275,26.20
2026-03-17,51,27.2,43160.52,32.0,22.1,0.20,2.0,9.0,250,25.10
2026-03-18,3,27.2,43167.02,32.4,21.0,0.00,0.0,11.6,212,25.03
2026-03-19,63,27.3,41525.09,33.5,20.5,3.40,2.0,13.5,192,24.40
2026-03-20,51,27.9,38386.00,34.8,22.2,0.30,1.0,8.5,193,23.42
2026-03-21,51,27.0,37197.78,33.2,21.5,0.20,2.0,15.1,245,23.50
2026-03-22,55,26.7,43156.73,32.6,21.6,1.20,2.0,12.3,177,21.93
2026-03-23,51,27.2,43135.29,33.0,21.5,0.20,2.0,10.9,229,23.52
2026-03-24,51,26.5,39150.34,31.5,22.8,1.60,8.0,12.4,274,18.28
2026-03-25,53,26.7,39134.64,31.6,22.5,2.60,8.0,17.5,260,18.82
2026-03-26,63,25.3,3944.17,29.0,23.1,4.60,8.0,11.8,155,9.73
2026-03-27,53,25.5,24652.10,29.0,23.4,2.00,9.0,10.5,181,14.11
2026-03-28,63,25.1,15390.61,29.5,23.0,10.00,14.0,9.4,200,13.15
2026-03-29,63,25.9,40780.72,31.1,22.1,6.80,5.0,6.7,161,21.69
2026-03-30,63,25.8,32318.00,31.2,22.3,10.50,10.0,9.8,174,16.26
2026-03-31,63,25.8,33224.21,30.5,22.6,10.70,4.0,10.6,137,19.66
2026-04-01,65,25.7,36000.00,31.1,22.2,9.20,7.0,11.4,124,21.56
2026-04-02,63,25.7,32400.00,31.5,22.8,15.40,11.0,9.4,144,19.13
2026-04-03,61,26.9,40786.70,31.7,23.4,4.10,9.0,7.8,247,22.15
2026-04-04,61,25.9,35061.97,31.2,23.4,2.20,3.0,10.8,194,19.10
2026-04-05,63,25.9,36000.00,31.7,23.1,9.20,7.0,16.2,188,22.11
2026-04-06,61,25.9,27971.12,31.4,22.9,3.80,3.0,9.6,197,16.91
2026-04-07,61,26.5,42705.53,31.5,23.3,3.40,6.0,12.6,114,23.02
2026-04-08,63,25.7,32946.48,30.9,22.1,6.50,3.0,16.3,154,20.90
2026-04-09,61,25.8,25572.99,29.6,23.4,4.10,6.0,10.2,212,13.21
2026-04-10,61,26.1,38132.97,31.0,22.5,8.60,9.0,10.9,218,21.30
2026-04-11,61,26.1,31183.71,31.9,22.5,5.40,8.0,8.0,186,19.27
2026-04-12,53,26.7,34432.60,32.9,22.2,2.20,3.0,9.2,187,20.68
2026-04-13,61,26.6,41648.35,32.2,22.2,3.60,3.0,7.6,107,21.62
2026-04-14,53,26.2,37022.12,31.0,22.4,1.70,3.0,10.3,182,20.37
2026-04-15,63,25.4,31377.47,29.8,23.1,6.20,13.0,10.3,183,16.91
2026-04-16,63,26.4,36329.06,31.9,22.1,15.80,8.0,7.6,138,20.63
2026-04-17,63,25.5,26109.52,30.4,22.8,15.60,11.0,9.2,183,16.22
2026-04-18,63,26.2,42430.27,31.8,22.7,7.40,6.0,12.6,150,20.95
2026-04-19,53,26.4,42216.50,31.5,22.0,1.10,2.0,10.0,144,21.03
2026-04-20,61,26.6,41522.56,31.5,22.5,2.50,7.0,11.9,110,21.52
2026-04-21,63,26.6,40115.60,31.5,22.8,3.60,5.0,9.2,177,21.17
2026-04-22,63,27.1,38744.49,32.5,23.1,6.60,5.0,8.8,174,21.57
