"Date","Price","Open","High","Low","Vol.","Change %"
"06/30/2026","101.19","101.12","101.43","101.05","","0.08%"
"06/29/2026","101.11","101.37","101.39","101.07","","-0.25%"
"06/26/2026","101.36","101.50","101.57","101.04","","-0.07%"
"06/25/2026","101.43","101.60","101.75","101.31","","-0.18%"
"06/24/2026","101.61","101.37","101.80","101.36","","0.20%"
"06/23/2026","101.41","101.00","101.43","100.95","","0.38%"
"06/22/2026","101.02","100.84","101.08","100.76","","0.17%"
"06/19/2026","100.85","100.81","101.13","100.70","","0.00%"
"06/18/2026","100.85","100.34","100.92","100.21","","0.76%"
"06/17/2026","100.09","99.52","100.57","99.49","","0.55%"
"06/16/2026","99.54","99.64","99.79","99.46","","-0.09%"
"06/15/2026","99.63","99.54","99.71","99.38","","-0.12%"
"06/12/2026","99.75","99.67","99.91","99.64","","-0.11%"
"06/11/2026","99.86","100.11","100.31","99.59","","-0.09%"
"06/10/2026","99.95","100.01","100.08","99.71","","0.04%"
"06/09/2026","99.91","100.03","100.08","99.68","","-0.14%"
"06/08/2026","100.04","100.14","100.21","99.82","","-0.02%"
"06/05/2026","100.07","99.43","100.11","99.16","","0.66%"
"06/04/2026","99.41","99.46","99.53","99.18","","-0.12%"
"06/03/2026","99.53","99.29","99.55","99.19","","0.31%"
"06/02/2026","99.22","99.17","99.33","99.05","","0.02%"
"06/01/2026","99.20","98.96","99.39","98.92","","0.30%"
"05/29/2026","98.91","99.00","99.19","98.75","","-0.11%"
"05/28/2026","99.02","99.26","99.54","98.94","","-0.19%"
"05/27/2026","99.21","99.08","99.26","98.97","","0.04%"
"05/26/2026","99.17","98.99","99.25","99.01","","-0.07%"
"05/25/2026","99.24","99.11","99.12","98.92","","0.00%"
"05/22/2026","99.24","99.20","99.41","99.17","","-0.02%"
"05/21/2026","99.26","99.12","99.51","99.06","","0.17%"
"05/20/2026","99.09","99.27","99.47","98.97","","-0.24%"
"05/19/2026","99.33","98.96","99.43","98.96","","0.14%"
"05/18/2026","99.19","99.28","99.41","98.94","","-0.09%"
"05/15/2026","99.28","98.93","99.32","98.92","","0.47%"
"05/14/2026","98.82","98.46","98.91","98.42","","0.30%"
"05/13/2026","98.52","98.31","98.60","98.26","","0.23%"
"05/12/2026","98.30","97.96","98.46","97.95","","0.35%"
"05/11/2026","97.96","98.04","98.15","97.85","","0.06%"
"05/08/2026","97.90","98.25","98.28","97.83","","-0.17%"
"05/07/2026","98.07","98.03","98.28","97.82","","0.04%"
"05/06/2026","98.02","98.31","98.34","97.63","","-0.43%"
"05/05/2026","98.44","98.47","98.58","98.31","","0.07%"
"05/04/2026","98.37","98.05","98.54","97.97","","0.22%"
"05/01/2026","98.16","98.13","98.24","97.72","","0.10%"
"04/30/2026","98.06","98.85","99.09","98.01","","-0.91%"
"04/29/2026","98.96","98.61","99.05","98.57","","0.33%"
"04/28/2026","98.64","98.47","98.87","98.43","","0.15%"
"04/27/2026","98.50","99.33","99.34","98.21","","-0.04%"
"04/24/2026","98.53","98.82","98.92","98.49","","-0.24%"
"04/23/2026","98.77","98.62","98.94","98.53","","0.18%"
"04/22/2026","98.59","98.40","98.64","98.21","","0.20%"
"04/21/2026","98.39","98.06","98.57","98.06","","0.30%"
"04/20/2026","98.10","98.28","98.39","98.01","","0.00%"
"04/17/2026","98.10","98.19","98.29","97.63","","-0.12%"
"04/16/2026","98.21","98.01","98.29","97.83","","0.16%"
"04/15/2026","98.06","98.07","98.29","98.00","","-0.07%"
"04/14/2026","98.12","98.37","98.41","97.97","","-0.25%"
"04/13/2026","98.37","99.05","99.18","98.36","","-0.29%"
"04/10/2026","98.65","98.87","99.01","98.54","","-0.17%"
"04/09/2026","98.82","99.06","99.16","98.63","","-0.32%"
"04/08/2026","99.13","98.95","99.18","98.53","","-0.73%"
"04/07/2026","99.86","100.01","100.16","99.52","","-0.12%"
"04/06/2026","99.98","100.18","100.29","99.76","","-0.24%"
"04/03/2026","100.22","99.99","100.22","99.95","","0.19%"
"04/02/2026","100.03","99.54","100.26","99.45","","0.38%"
"04/01/2026","99.65","99.79","99.88","99.30","","-0.31%"
"03/31/2026","99.96","100.58","100.64","99.81","","-0.55%"
"03/30/2026","100.51","100.22","100.61","100.05","","0.36%"
"03/27/2026","100.15","99.87","100.21","99.80","","0.25%"
"03/26/2026","99.90","99.63","100.01","99.56","","0.30%"
"03/25/2026","99.60","99.20","99.67","99.07","","0.17%"
"03/24/2026","99.43","99.14","99.62","99.06","","0.49%"
"03/23/2026","98.95","99.68","100.15","98.88","","-0.70%"
"03/20/2026","99.65","99.29","99.79","99.25","","0.42%"
"03/19/2026","99.23","100.23","100.31","98.97","","-0.85%"
"03/18/2026","100.09","99.55","100.31","99.46","","0.51%"
"03/17/2026","99.57","99.86","100.11","99.50","","-0.14%"
"03/16/2026","99.71","100.43","100.48","99.66","","-0.65%"
"03/13/2026","100.36","99.69","100.54","99.59","","0.62%"
"03/12/2026","99.74","99.45","99.76","99.25","","0.51%"
"03/11/2026","99.23","98.94","99.30","98.70","","0.41%"
"03/10/2026","98.83","98.80","98.95","98.49","","-0.35%"
"03/09/2026","99.18","98.86","99.69","98.70","","0.19%"
"03/06/2026","98.99","99.01","99.43","98.84","","-0.33%"
"03/05/2026","99.32","98.77","99.41","98.67","","0.55%"
"03/04/2026","98.77","99.11","99.33","98.70","","-0.29%"
"03/03/2026","99.05","98.56","99.68","98.43","","0.68%"
"03/02/2026","98.38","97.87","98.75","97.77","","0.79%"
"02/27/2026","97.61","97.75","97.85","97.56","","-0.19%"
"02/26/2026","97.79","97.59","97.98","97.49","","0.09%"
"02/25/2026","97.70","97.85","98.00","97.62","","-0.15%"
"02/24/2026","97.84","97.70","97.99","97.69","","0.14%"
"02/23/2026","97.71","97.70","97.85","97.36","","-0.09%"
"02/20/2026","97.80","97.90","98.08","97.59","","-0.13%"
"02/19/2026","97.93","97.73","98.07","97.57","","0.23%"
"02/18/2026","97.70","97.14","97.74","97.12","","0.56%"
"02/17/2026","97.15","97.12","97.55","97.07","","0.25%"
"02/16/2026","96.92","96.88","97.12","96.88","","0.00%"
"02/13/2026","96.92","96.94","97.16","96.80","","-0.01%"
"02/12/2026","96.93","96.96","97.07","96.74","","0.09%"
"02/11/2026","96.83","96.91","97.27","96.49","","0.04%"
"02/10/2026","96.80","97.00","97.01","96.61","","-0.02%"
"02/09/2026","96.82","97.70","97.76","96.79","","-0.84%"
"02/06/2026","97.63","97.97","97.97","97.56","","-0.20%"
"02/05/2026","97.82","97.67","97.99","97.61","","0.21%"
"02/04/2026","97.62","97.43","97.73","97.31","","0.18%"
"02/03/2026","97.44","97.52","97.69","97.30","","-0.20%"
"02/02/2026","97.63","97.18","97.73","97.01","","0.66%"
"01/30/2026","96.99","96.17","97.15","96.17","","0.74%"
"01/29/2026","96.28","96.16","96.66","96.02","","-0.17%"
"01/28/2026","96.45","95.96","96.79","95.86","","0.24%"
"01/27/2026","96.22","97.05","97.29","95.55","","-0.85%"
"01/26/2026","97.04","97.03","97.33","96.81","","-0.57%"
"01/23/2026","97.60","98.33","98.48","97.43","","-0.77%"
"01/22/2026","98.36","98.79","98.83","98.26","","-0.41%"
"01/21/2026","98.76","98.61","98.87","98.38","","0.12%"
"01/20/2026","98.64","99.14","99.14","98.25","","-0.76%"
"01/19/2026","99.39","99.44","99.47","99.01","","0.00%"
"01/16/2026","99.39","99.37","99.48","99.16","","0.07%"
"01/15/2026","99.32","99.13","99.49","99.09","","0.19%"
"01/14/2026","99.13","99.19","99.25","98.93","","0.00%"
"01/13/2026","99.13","98.90","99.23","98.85","","0.28%"
"01/12/2026","98.86","99.17","99.25","98.67","","-0.27%"
"01/09/2026","99.13","98.91","99.26","98.90","","0.20%"
"01/08/2026","98.93","98.74","98.98","98.68","","0.25%"
"01/07/2026","98.68","98.58","98.75","98.50","","0.11%"
"01/06/2026","98.58","98.41","98.63","98.16","","0.32%"
"01/05/2026","98.27","98.48","98.86","98.25","","-0.16%"
"01/02/2026","98.42","98.24","98.49","98.14","","0.10%"